,TrainLoss,TrainAcc,TrainPrecision,TrP1,TrP2,TrP3,TrP4,TrP5
0,1.2981328723071783e-07,0.44438067078590393,1.0,1.0,1.0,1.0,1.0,1.0
